,danceability,energy,key,loudness,mode,speechiness,acousticness,instrumentalness,liveness,valence,tempo,type,id,uri,track_href,analysis_url,duration_ms,time_signature,artist,song name
0,0.677,0.696,0,-6.181,1,0.119,0.321,0.0,0.42,0.464,90.03,audio_features,4iJyoBOLtHqaGxP12qzhQI,spotify:track:4iJyoBOLtHqaGxP12qzhQI,https://api.spotify.com/v1/tracks/4iJyoBOLtHqaGxP12qzhQI,https://api.spotify.com/v1/audio-analysis/4iJyoBOLtHqaGxP12qzhQI,198082,4,Justin Bieber,Peaches (feat. Daniel Caesar & Giveon)
1,0.623,0.668,6,-7.282,0,0.0531,0.475,0.0,0.0862,0.823,161.948,audio_features,6n9DThpbZpZF9A5K3kysa4,spotify:track:6n9DThpbZpZF9A5K3kysa4,https://api.spotify.com/v1/tracks/6n9DThpbZpZF9A5K3kysa4,https://api.spotify.com/v1/audio-analysis/6n9DThpbZpZF9A5K3kysa4,183067,4,Justin Bieber,Mistletoe
2,0.623,0.668,6,-7.282,0,0.0531,0.475,0.0,0.0862,0.823,161.948,audio_features,7kz4V8L9MiGdDPcGi4F2j3,spotify:track:7kz4V8L9MiGdDPcGi4F2j3,https://api.spotify.com/v1/tracks/7kz4V8L9MiGdDPcGi4F2j3,https://api.spotify.com/v1/audio-analysis/7kz4V8L9MiGdDPcGi4F2j3,183067,4,Justin Bieber,Mistletoe
3,0.638,0.515,10,-8.575,1,0.0288,0.521,0.0,0.317,0.419,100.01,audio_features,6lMV2oCyNSf5zy3GrWjqXy,spotify:track:6lMV2oCyNSf5zy3GrWjqXy,https://api.spotify.com/v1/tracks/6lMV2oCyNSf5zy3GrWjqXy,https://api.spotify.com/v1/audio-analysis/6lMV2oCyNSf5zy3GrWjqXy,206800,4,Justin Bieber,Christmas Love
4,0.533,0.426,9,-9.525,0,0.0297,0.46,0.0,0.1,0.152,103.267,audio_features,4ujZCIL3YzGzeIby5SZ8it,spotify:track:4ujZCIL3YzGzeIby5SZ8it,https://api.spotify.com/v1/tracks/4ujZCIL3YzGzeIby5SZ8it,https://api.spotify.com/v1/audio-analysis/4ujZCIL3YzGzeIby5SZ8it,216427,3,Justin Bieber,The Christmas Song (Chestnuts Roasting On An Open Fire)
5,0.623,0.668,6,-7.282,0,0.0531,0.475,0.0,0.0862,0.823,161.948,audio_features,3ucfZz16G9spArllwu4rJu,spotify:track:3ucfZz16G9spArllwu4rJu,https://api.spotify.com/v1/tracks/3ucfZz16G9spArllwu4rJu,https://api.spotify.com/v1/audio-analysis/3ucfZz16G9spArllwu4rJu,183067,4,Justin Bieber,Mistletoe
6,0.409,0.57,6,-10.54,0,0.0711,0.687,0.0,0.173,0.336,128.657,audio_features,0A8qex6EBtVTAa4QX2EtE7,spotify:track:0A8qex6EBtVTAa4QX2EtE7,https://api.spotify.com/v1/tracks/0A8qex6EBtVTAa4QX2EtE7,https://api.spotify.com/v1/audio-analysis/0A8qex6EBtVTAa4QX2EtE7,223613,4,Justin Bieber,Christmas Eve
7,0.673,0.704,6,-8.056,1,0.36,0.196,0.0,0.0898,0.372,86.919,audio_features,1SEXqZ3QHXp0IuIt0JMM34,spotify:track:1SEXqZ3QHXp0IuIt0JMM34,https://api.spotify.com/v1/tracks/1SEXqZ3QHXp0IuIt0JMM34,https://api.spotify.com/v1/audio-analysis/1SEXqZ3QHXp0IuIt0JMM34,212093,4,Justin Bieber,Holy
8,0.623,0.668,6,-7.282,0,0.0531,0.475,0.0,0.0862,0.823,161.948,audio_features,6WqtX8Ah4WxrOG57EG5Aix,spotify:track:6WqtX8Ah4WxrOG57EG5Aix,https://api.spotify.com/v1/tracks/6WqtX8Ah4WxrOG57EG5Aix,https://api.spotify.com/v1/audio-analysis/6WqtX8Ah4WxrOG57EG5Aix,183067,4,Justin Bieber,Mistletoe
9,0.623,0.668,6,-7.282,0,0.0531,0.475,0.0,0.0862,0.823,161.948,audio_features,3PT6DdatO6Ab2oxn7usehx,spotify:track:3PT6DdatO6Ab2oxn7usehx,https://api.spotify.com/v1/tracks/3PT6DdatO6Ab2oxn7usehx,https://api.spotify.com/v1/audio-analysis/3PT6DdatO6Ab2oxn7usehx,183067,4,Justin Bieber,Mistletoe
10,0.533,0.426,9,-9.525,0,0.0297,0.46,0.0,0.1,0.152,103.267,audio_features,3tTvBUquqUOgiWNn6bLIY9,spotify:track:3tTvBUquqUOgiWNn6bLIY9,https://api.spotify.com/v1/tracks/3tTvBUquqUOgiWNn6bLIY9,https://api.spotify.com/v1/audio-analysis/3tTvBUquqUOgiWNn6bLIY9,216427,3,Justin Bieber,The Christmas Song (Chestnuts Roasting On An Open Fire)
11,0.623,0.668,6,-7.282,0,0.0531,0.475,0.0,0.0862,0.823,161.948,audio_features,2wWuZlJJuhKtaLzhyJBBVW,spotify:track:2wWuZlJJuhKtaLzhyJBBVW,https://api.spotify.com/v1/tracks/2wWuZlJJuhKtaLzhyJBBVW,https://api.spotify.com/v1/audio-analysis/2wWuZlJJuhKtaLzhyJBBVW,183067,4,Justin Bieber,Mistletoe
12,0.623,0.668,6,-7.282,0,0.0531,0.475,0.0,0.0862,0.823,161.948,audio_features,1EDpGVPUA7T8raDWUQRXIp,spotify:track:1EDpGVPUA7T8raDWUQRXIp,https://api.spotify.com/v1/tracks/1EDpGVPUA7T8raDWUQRXIp,https://api.spotify.com/v1/audio-analysis/1EDpGVPUA7T8raDWUQRXIp,183067,4,Justin Bieber,Mistletoe
13,0.658,0.679,10,-8.606,0,0.0361,0.0207,3.15e-06,0.198,0.42,94.489,audio_features,2NzpG0In2g6fDXJEvb9uar,spotify:track:2NzpG0In2g6fDXJEvb9uar,https://api.spotify.com/v1/tracks/2NzpG0In2g6fDXJEvb9uar,https://api.spotify.com/v1/audio-analysis/2NzpG0In2g6fDXJEvb9uar,185560,4,Justin Bieber,Fa La La
14,0.639,0.836,0,-4.878,0,0.048,0.027,0.0,0.283,0.814,104.998,audio_features,3Uw4eSJThH1zWIdBvNIQ0g,spotify:track:3Uw4eSJThH1zWIdBvNIQ0g,https://api.spotify.com/v1/tracks/3Uw4eSJThH1zWIdBvNIQ0g,https://api.spotify.com/v1/audio-analysis/3Uw4eSJThH1zWIdBvNIQ0g,216720,4,Justin Bieber,Santa Claus Is Coming To Town
15,0.623,0.668,6,-7.282,0,0.0531,0.475,0.0,0.0862,0.823,161.948,audio_features,0dnsFvaGOcZrQh7FtdlaAI,spotify:track:0dnsFvaGOcZrQh7FtdlaAI,https://api.spotify.com/v1/tracks/0dnsFvaGOcZrQh7FtdlaAI,https://api.spotify.com/v1/audio-analysis/0dnsFvaGOcZrQh7FtdlaAI,183067,4,Justin Bieber,Mistletoe
16,0.409,0.57,6,-10.54,0,0.0711,0.687,0.0,0.173,0.336,128.657,audio_features,2G1F5OzSVCOWcimw6T3ATb,spotify:track:2G1F5OzSVCOWcimw6T3ATb,https://api.spotify.com/v1/tracks/2G1F5OzSVCOWcimw6T3ATb,https://api.spotify.com/v1/audio-analysis/2G1F5OzSVCOWcimw6T3ATb,223613,4,Justin Bieber,Christmas Eve
17,0.623,0.668,6,-7.282,0,0.0531,0.475,0.0,0.0862,0.823,161.948,audio_features,1lYhSbr01UtoiIE8thgLWK,spotify:track:1lYhSbr01UtoiIE8thgLWK,https://api.spotify.com/v1/tracks/1lYhSbr01UtoiIE8thgLWK,https://api.spotify.com/v1/audio-analysis/1lYhSbr01UtoiIE8thgLWK,183067,4,Justin Bieber,Mistletoe
18,0.623,0.668,6,-7.282,0,0.0531,0.475,0.0,0.0862,0.823,161.948,audio_features,62Sja7JGM9LX0xJDuQe4Tu,spotify:track:62Sja7JGM9LX0xJDuQe4Tu,https://api.spotify.com/v1/tracks/62Sja7JGM9LX0xJDuQe4Tu,https://api.spotify.com/v1/audio-analysis/62Sja7JGM9LX0xJDuQe4Tu,183067,4,Justin Bieber,Mistletoe
19,0.623,0.668,6,-7.282,0,0.0531,0.475,0.0,0.0862,0.823,161.948,audio_features,6uMiZvybmgW9uPy1AbblRT,spotify:track:6uMiZvybmgW9uPy1AbblRT,https://api.spotify.com/v1/tracks/6uMiZvybmgW9uPy1AbblRT,https://api.spotify.com/v1/audio-analysis/6uMiZvybmgW9uPy1AbblRT,183067,4,Justin Bieber,Mistletoe
20,0.533,0.426,9,-9.525,0,0.0297,0.46,0.0,0.1,0.152,103.267,audio_features,7Lc2fEK6uVoWyYDVC3yWuB,spotify:track:7Lc2fEK6uVoWyYDVC3yWuB,https://api.spotify.com/v1/tracks/7Lc2fEK6uVoWyYDVC3yWuB,https://api.spotify.com/v1/audio-analysis/7Lc2fEK6uVoWyYDVC3yWuB,216427,3,Justin Bieber,The Christmas Song (Chestnuts Roasting On An Open Fire)
21,0.623,0.668,6,-7.282,0,0.0531,0.475,0.0,0.0862,0.823,161.948,audio_features,5Yq2HDYelpD9jQJh8EHs5V,spotify:track:5Yq2HDYelpD9jQJh8EHs5V,https://api.spotify.com/v1/tracks/5Yq2HDYelpD9jQJh8EHs5V,https://api.spotify.com/v1/audio-analysis/5Yq2HDYelpD9jQJh8EHs5V,183067,4,Justin Bieber,Mistletoe
22,0.752,0.85,8,-8.327,1,0.0819,0.025,0.000131,0.149,0.491,122.991,audio_features,16zSkx0XLtpWuKrD1unU3Z,spotify:track:16zSkx0XLtpWuKrD1unU3Z,https://api.spotify.com/v1/tracks/16zSkx0XLtpWuKrD1unU3Z,https://api.spotify.com/v1/audio-analysis/16zSkx0XLtpWuKrD1unU3Z,225333,4,Justin Bieber,Drummer Boy
23,0.623,0.668,6,-7.282,0,0.0531,0.475,0.0,0.0862,0.823,161.948,audio_features,4PECQ81W6ex0JiuKZ2xe1q,spotify:track:4PECQ81W6ex0JiuKZ2xe1q,https://api.spotify.com/v1/tracks/4PECQ81W6ex0JiuKZ2xe1q,https://api.spotify.com/v1/audio-analysis/4PECQ81W6ex0JiuKZ2xe1q,183067,4,Justin Bieber,Mistletoe
24,0.623,0.668,6,-7.282,0,0.0531,0.475,0.0,0.0862,0.823,161.948,audio_features,2V198kADxUecO8UxMIVUzH,spotify:track:2V198kADxUecO8UxMIVUzH,https://api.spotify.com/v1/tracks/2V198kADxUecO8UxMIVUzH,https://api.spotify.com/v1/audio-analysis/2V198kADxUecO8UxMIVUzH,183067,4,Justin Bieber,Mistletoe
25,0.533,0.426,9,-9.525,0,0.0297,0.46,0.0,0.1,0.152,103.267,audio_features,2empO5N2NHSw2QdDnax9A1,spotify:track:2empO5N2NHSw2QdDnax9A1,https://api.spotify.com/v1/tracks/2empO5N2NHSw2QdDnax9A1,https://api.spotify.com/v1/audio-analysis/2empO5N2NHSw2QdDnax9A1,216427,3,Justin Bieber,The Christmas Song (Chestnuts Roasting On An Open Fire)
26,0.533,0.426,9,-9.525,0,0.0297,0.46,0.0,0.1,0.152,103.267,audio_features,7hqsfisUIIvDRT2VBjYfSH,spotify:track:7hqsfisUIIvDRT2VBjYfSH,https://api.spotify.com/v1/tracks/7hqsfisUIIvDRT2VBjYfSH,https://api.spotify.com/v1/audio-analysis/7hqsfisUIIvDRT2VBjYfSH,216427,3,Justin Bieber,The Christmas Song (Chestnuts Roasting On An Open Fire)
27,0.533,0.426,9,-9.525,0,0.0297,0.46,0.0,0.1,0.152,103.267,audio_features,6cRsVtce5TtBACWA8827vg,spotify:track:6cRsVtce5TtBACWA8827vg,https://api.spotify.com/v1/tracks/6cRsVtce5TtBACWA8827vg,https://api.spotify.com/v1/audio-analysis/6cRsVtce5TtBACWA8827vg,216427,3,Justin Bieber,The Christmas Song (Chestnuts Roasting On An Open Fire)
28,0.533,0.426,9,-9.525,0,0.0297,0.46,0.0,0.1,0.152,103.267,audio_features,75u0mr537ttw1euI1idxNB,spotify:track:75u0mr537ttw1euI1idxNB,https://api.spotify.com/v1/tracks/75u0mr537ttw1euI1idxNB,https://api.spotify.com/v1/audio-analysis/75u0mr537ttw1euI1idxNB,216427,3,Justin Bieber,The Christmas Song (Chestnuts Roasting On An Open Fire)
29,0.601,0.741,2,-5.569,1,0.0478,0.185,2.91e-05,0.415,0.441,153.96,audio_features,6I3mqTwhRpn34SLVafSH7G,spotify:track:6I3mqTwhRpn34SLVafSH7G,https://api.spotify.com/v1/tracks/6I3mqTwhRpn34SLVafSH7G,https://api.spotify.com/v1/audio-analysis/6I3mqTwhRpn34SLVafSH7G,153190,4,Justin Bieber,Ghost
30,0.609,0.378,4,-9.828,1,0.438,0.835,0.0,0.28,0.515,100.418,audio_features,50kpGaPAhYJ3sGmk6vplg0,spotify:track:50kpGaPAhYJ3sGmk6vplg0,https://api.spotify.com/v1/tracks/50kpGaPAhYJ3sGmk6vplg0,https://api.spotify.com/v1/audio-analysis/50kpGaPAhYJ3sGmk6vplg0,233720,4,Justin Bieber,Love Yourself
31,0.673,0.704,6,-8.056,1,0.36,0.196,0.0,0.0898,0.372,86.919,audio_features,5u1n1kITHCxxp8twBcZxWy,spotify:track:5u1n1kITHCxxp8twBcZxWy,https://api.spotify.com/v1/tracks/5u1n1kITHCxxp8twBcZxWy,https://api.spotify.com/v1/audio-analysis/5u1n1kITHCxxp8twBcZxWy,212093,4,Justin Bieber,Holy (feat. Chance The Rapper)
32,0.686,0.538,2,-8.026,1,0.0345,0.181,3.13e-06,0.113,0.584,115.884,audio_features,31qCy5ZaophVA81wtlwLc4,spotify:track:31qCy5ZaophVA81wtlwLc4,https://api.spotify.com/v1/tracks/31qCy5ZaophVA81wtlwLc4,https://api.spotify.com/v1/audio-analysis/31qCy5ZaophVA81wtlwLc4,190779,4,Justin Bieber,Anyone
33,0.604,0.741,2,-5.571,1,0.0475,0.178,3.49e-05,0.409,0.473,153.947,audio_features,5dPz35akJjPqb17yeqNwqH,spotify:track:5dPz35akJjPqb17yeqNwqH,https://api.spotify.com/v1/tracks/5dPz35akJjPqb17yeqNwqH,https://api.spotify.com/v1/audio-analysis/5dPz35akJjPqb17yeqNwqH,153190,4,Justin Bieber,Ghost
34,0.728,0.859,5,-5.237,0,0.137,0.0401,0.0,0.111,0.535,65.043,audio_features,6epn3r7S14KUqlReYr77hA,spotify:track:6epn3r7S14KUqlReYr77hA,https://api.spotify.com/v1/tracks/6epn3r7S14KUqlReYr77hA,https://api.spotify.com/v1/audio-analysis/6epn3r7S14KUqlReYr77hA,214240,4,Justin Bieber,Baby
35,0.815,0.816,5,-4.393,0,0.0513,0.0501,0.000887,0.0761,0.774,96.033,audio_features,24OeEKPQ8qqNZnPevRHxUT,spotify:track:24OeEKPQ8qqNZnPevRHxUT,https://api.spotify.com/v1/tracks/24OeEKPQ8qqNZnPevRHxUT,https://api.spotify.com/v1/audio-analysis/24OeEKPQ8qqNZnPevRHxUT,187453,4,Justin Bieber,Red Eye (feat. TroyBoi)
36,0.654,0.76,0,-3.669,0,0.045,0.0797,0.0,0.299,0.41,99.945,audio_features,09CtPGIpYB4BrO8qb1RGsF,spotify:track:09CtPGIpYB4BrO8qb1RGsF,https://api.spotify.com/v1/tracks/09CtPGIpYB4BrO8qb1RGsF,https://api.spotify.com/v1/audio-analysis/09CtPGIpYB4BrO8qb1RGsF,200787,4,Justin Bieber,Sorry
37,0.658,0.634,1,-5.797,0,0.0413,0.0106,0.0,0.132,0.29,139.98,audio_features,4u4NyuceXP7Uzh7XFJKCr1,spotify:track:4u4NyuceXP7Uzh7XFJKCr1,https://api.spotify.com/v1/tracks/4u4NyuceXP7Uzh7XFJKCr1,https://api.spotify.com/v1/audio-analysis/4u4NyuceXP7Uzh7XFJKCr1,170813,4,Justin Bieber,Hold On
38,0.658,0.634,1,-6.068,0,0.0431,0.0104,0.0,0.12,0.302,140.002,audio_features,1nahzW3kfMuwReTka28tH5,spotify:track:1nahzW3kfMuwReTka28tH5,https://api.spotify.com/v1/tracks/1nahzW3kfMuwReTka28tH5,https://api.spotify.com/v1/audio-analysis/1nahzW3kfMuwReTka28tH5,170813,4,Justin Bieber,Hold On
39,0.631,0.239,11,-7.071,0,0.0398,0.864,0.0,0.116,0.0927,79.859,audio_features,4y4spB9m0Q6026KfkAvy9Q,spotify:track:4y4spB9m0Q6026KfkAvy9Q,https://api.spotify.com/v1/tracks/4y4spB9m0Q6026KfkAvy9Q,https://api.spotify.com/v1/audio-analysis/4y4spB9m0Q6026KfkAvy9Q,149297,4,Justin Bieber,Lonely (with benny blanco)
40,0.806,0.546,9,-6.637,1,0.0575,0.3,0.0,0.102,0.874,147.986,audio_features,4umIPjkehX1r7uhmGvXiSV,spotify:track:4umIPjkehX1r7uhmGvXiSV,https://api.spotify.com/v1/tracks/4umIPjkehX1r7uhmGvXiSV,https://api.spotify.com/v1/audio-analysis/4umIPjkehX1r7uhmGvXiSV,212867,4,Justin Bieber,Intentions (feat. Quavo)
41,0.845,0.567,5,-8.118,0,0.0956,0.59,0.00142,0.0811,0.793,125.02,audio_features,4B0JvthVoAAuygILe3n4Bs,spotify:track:4B0JvthVoAAuygILe3n4Bs,https://api.spotify.com/v1/tracks/4B0JvthVoAAuygILe3n4Bs,https://api.spotify.com/v1/audio-analysis/4B0JvthVoAAuygILe3n4Bs,205680,4,Justin Bieber,What Do You Mean?
42,0.811,0.553,9,-6.644,1,0.0552,0.317,0.0,0.105,0.86,148.014,audio_features,364dI1bYnvamSnBJ8JcNzN,spotify:track:364dI1bYnvamSnBJ8JcNzN,https://api.spotify.com/v1/tracks/364dI1bYnvamSnBJ8JcNzN,https://api.spotify.com/v1/audio-analysis/364dI1bYnvamSnBJ8JcNzN,212869,4,Justin Bieber,Intentions
43,0.462,0.745,0,-6.588,0,0.0699,0.0367,0.0,0.0795,0.254,100.042,audio_features,23EquxExXkNmGCCY96P0Iu,spotify:track:23EquxExXkNmGCCY96P0Iu,https://api.spotify.com/v1/tracks/23EquxExXkNmGCCY96P0Iu,https://api.spotify.com/v1/audio-analysis/23EquxExXkNmGCCY96P0Iu,193355,4,Justin Bieber,Hailey
44,0.509,0.228,4,-8.68,1,0.0332,0.92,0.0,0.104,0.586,90.674,audio_features,3T03rPwlL8NVk1yIaxeD8U,spotify:track:3T03rPwlL8NVk1yIaxeD8U,https://api.spotify.com/v1/tracks/3T03rPwlL8NVk1yIaxeD8U,https://api.spotify.com/v1/audio-analysis/3T03rPwlL8NVk1yIaxeD8U,156468,4,Justin Bieber,Off My Face
45,0.602,0.843,0,-4.831,1,0.0593,0.000688,5.27e-05,0.0682,0.526,128.003,audio_features,190jyVPHYjAqEaOGmMzdyk,spotify:track:190jyVPHYjAqEaOGmMzdyk,https://api.spotify.com/v1/tracks/190jyVPHYjAqEaOGmMzdyk,https://api.spotify.com/v1/audio-analysis/190jyVPHYjAqEaOGmMzdyk,227987,4,Justin Bieber,Beauty And A Beat
46,0.685,0.521,2,-8.285,1,0.0345,0.185,3.59e-06,0.111,0.578,115.885,audio_features,2WnAKZefdRHxtBEkRjFOHC,spotify:track:2WnAKZefdRHxtBEkRjFOHC,https://api.spotify.com/v1/tracks/2WnAKZefdRHxtBEkRjFOHC,https://api.spotify.com/v1/audio-analysis/2WnAKZefdRHxtBEkRjFOHC,190779,4,Justin Bieber,Anyone
47,0.738,0.563,5,-5.467,0,0.11,0.113,0.0,0.191,0.876,134.132,audio_features,5Isz0twJeFdduOQEFQLezv,spotify:track:5Isz0twJeFdduOQEFQLezv,https://api.spotify.com/v1/tracks/5Isz0twJeFdduOQEFQLezv,https://api.spotify.com/v1/audio-analysis/5Isz0twJeFdduOQEFQLezv,248133,4,Justin Bieber,Confident
48,0.495,0.333,4,-10.109,0,0.0288,0.737,0.0,0.112,0.37,99.757,audio_features,137mSruegm1u6x9NvwiagR,spotify:track:137mSruegm1u6x9NvwiagR,https://api.spotify.com/v1/tracks/137mSruegm1u6x9NvwiagR,https://api.spotify.com/v1/audio-analysis/137mSruegm1u6x9NvwiagR,158324,4,Justin Bieber,Unstable (feat. The Kid LAROI)
49,0.595,0.543,11,-8.149,1,0.038,0.127,0.0,0.0975,0.109,99.928,audio_features,6F2r4HgpJnvKDmkN6JEN6J,spotify:track:6F2r4HgpJnvKDmkN6JEN6J,https://api.spotify.com/v1/tracks/6F2r4HgpJnvKDmkN6JEN6J,https://api.spotify.com/v1/audio-analysis/6F2r4HgpJnvKDmkN6JEN6J,174406,4,Justin Bieber,As I Am (feat. Khalid)
50,0.502,0.912,1,-4.556,1,0.0564,2.55e-05,0.000173,0.106,0.72,116.761,audio_features,5ghIJDpPoe3CfHMGu71E6T,spotify:track:5ghIJDpPoe3CfHMGu71E6T,https://api.spotify.com/v1/tracks/5ghIJDpPoe3CfHMGu71E6T,https://api.spotify.com/v1/audio-analysis/5ghIJDpPoe3CfHMGu71E6T,301920,4,Nirvana,Smells Like Teen Spirit
51,0.5,0.824,4,-5.846,0,0.0388,0.00016,0.00161,0.0916,0.539,120.125,audio_features,4P5KoWXOxwuobLmHXLMobV,spotify:track:4P5KoWXOxwuobLmHXLMobV,https://api.spotify.com/v1/tracks/4P5KoWXOxwuobLmHXLMobV,https://api.spotify.com/v1/audio-analysis/4P5KoWXOxwuobLmHXLMobV,218920,4,Nirvana,Come As You Are
52,0.256,0.641,1,-10.283,1,0.0552,0.199,0.0329,0.0853,0.382,203.006,audio_features,11LmqTE2naFULdEP94AUBa,spotify:track:11LmqTE2naFULdEP94AUBa,https://api.spotify.com/v1/tracks/11LmqTE2naFULdEP94AUBa,https://api.spotify.com/v1/audio-analysis/11LmqTE2naFULdEP94AUBa,281160,4,Nirvana,Heart-Shaped Box
53,0.678,0.656,7,-6.41,1,0.0381,0.00174,0.0,0.0631,0.485,123.207,audio_features,2YodwKJnbPyNKe8XXSE9V7,spotify:track:2YodwKJnbPyNKe8XXSE9V7,https://api.spotify.com/v1/tracks/2YodwKJnbPyNKe8XXSE9V7,https://api.spotify.com/v1/audio-analysis/2YodwKJnbPyNKe8XXSE9V7,257053,4,Nirvana,Lithium
54,0.436,0.876,10,-4.902,0,0.0647,3.33e-05,0.000104,0.205,0.512,157.044,audio_features,30HCB1FoE77IfGRyNv4eFq,spotify:track:30HCB1FoE77IfGRyNv4eFq,https://api.spotify.com/v1/tracks/30HCB1FoE77IfGRyNv4eFq,https://api.spotify.com/v1/audio-analysis/30HCB1FoE77IfGRyNv4eFq,255080,4,Nirvana,In Bloom
55,0.483,0.753,1,-8.937,0,0.0832,0.425,0.000142,0.257,0.42,115.102,audio_features,15VRO9CQwMpbqUYA7e6Hwg,spotify:track:15VRO9CQwMpbqUYA7e6Hwg,https://api.spotify.com/v1/tracks/15VRO9CQwMpbqUYA7e6Hwg,https://api.spotify.com/v1/audio-analysis/15VRO9CQwMpbqUYA7e6Hwg,261093,4,Nirvana,The Man Who Sold The World
56,0.446,0.632,1,-12.197,1,0.034,0.0793,0.000266,0.0881,0.359,113.176,audio_features,1Ic9pKxGSJGM0LKeqf6lGe,spotify:track:1Ic9pKxGSJGM0LKeqf6lGe,https://api.spotify.com/v1/tracks/1Ic9pKxGSJGM0LKeqf6lGe,https://api.spotify.com/v1/audio-analysis/1Ic9pKxGSJGM0LKeqf6lGe,233173,4,Nirvana,All Apologies
57,0.409,0.932,11,-4.538,0,0.0339,1.87e-05,1.6e-06,0.31,0.591,131.761,audio_features,55yvzYuvJYG2RUEnMK78tr,spotify:track:55yvzYuvJYG2RUEnMK78tr,https://api.spotify.com/v1/tracks/55yvzYuvJYG2RUEnMK78tr,https://api.spotify.com/v1/audio-analysis/55yvzYuvJYG2RUEnMK78tr,166640,4,Nirvana,About A Girl
58,0.697,0.395,6,-13.58,1,0.0281,0.428,0.653,0.173,0.876,113.589,audio_features,5gRcv46AMTrosmTOqrOV3Q,spotify:track:5gRcv46AMTrosmTOqrOV3Q,https://api.spotify.com/v1/tracks/5gRcv46AMTrosmTOqrOV3Q,https://api.spotify.com/v1/audio-analysis/5gRcv46AMTrosmTOqrOV3Q,151893,4,Nirvana,Dumb
59,0.325,0.929,11,-5.625,0,0.0695,0.000129,2.22e-06,0.184,0.198,133.358,audio_features,5Ddlk6C2JVxb1SReZ6O1wk,spotify:track:5Ddlk6C2JVxb1SReZ6O1wk,https://api.spotify.com/v1/tracks/5Ddlk6C2JVxb1SReZ6O1wk,https://api.spotify.com/v1/audio-analysis/5Ddlk6C2JVxb1SReZ6O1wk,223880,4,Nirvana,Drain You
60,0.427,0.201,8,-13.044,1,0.0317,0.745,0.263,0.109,0.0668,105.218,audio_features,1nFtiJxYdhtFfFtfXBv06s,spotify:track:1nFtiJxYdhtFfFtfXBv06s,https://api.spotify.com/v1/tracks/1nFtiJxYdhtFfFtfXBv06s,https://api.spotify.com/v1/audio-analysis/1nFtiJxYdhtFfFtfXBv06s,232147,4,Nirvana,Something In The Way
61,0.573,0.59,3,-8.43,1,0.0557,0.667,0.000397,0.691,0.364,108.789,audio_features,551qy5vUgrUfEUc4dCNfht,spotify:track:551qy5vUgrUfEUc4dCNfht,https://api.spotify.com/v1/tracks/551qy5vUgrUfEUc4dCNfht,https://api.spotify.com/v1/audio-analysis/551qy5vUgrUfEUc4dCNfht,306067,3,Nirvana,Where Did You Sleep Last Night
62,0.262,0.969,4,-4.675,1,0.0894,3.69e-06,0.00213,0.133,0.263,158.433,audio_features,5mJGLBNJM0GULqAoL5mb9C,spotify:track:5mJGLBNJM0GULqAoL5mb9C,https://api.spotify.com/v1/tracks/5mJGLBNJM0GULqAoL5mb9C,https://api.spotify.com/v1/audio-analysis/5mJGLBNJM0GULqAoL5mb9C,184040,4,Nirvana,Breed
63,0.541,0.618,1,-9.652,0,0.179,0.277,4.02e-05,0.413,0.68,145.464,audio_features,4UJmPSJsBsIR1U0N79BU1g,spotify:track:4UJmPSJsBsIR1U0N79BU1g,https://api.spotify.com/v1/tracks/4UJmPSJsBsIR1U0N79BU1g,https://api.spotify.com/v1/audio-analysis/4UJmPSJsBsIR1U0N79BU1g,175973,4,Nirvana,Lake Of Fire
64,0.307,0.832,7,-6.685,1,0.0718,0.00897,7.18e-06,0.982,0.232,121.933,audio_features,3fLoeFrSJqOvB3ZVNstCg4,spotify:track:3fLoeFrSJqOvB3ZVNstCg4,https://api.spotify.com/v1/tracks/3fLoeFrSJqOvB3ZVNstCg4,https://api.spotify.com/v1/audio-analysis/3fLoeFrSJqOvB3ZVNstCg4,287200,4,Nirvana,"Lithium - Live In Melbourne, Australia For Triple J/1992"
65,0.289,0.716,5,-6.53,0,0.106,0.0407,0.00123,0.135,0.344,168.049,audio_features,5O8L4I2S4izFGDjvP7xAKv,spotify:track:5O8L4I2S4izFGDjvP7xAKv,https://api.spotify.com/v1/tracks/5O8L4I2S4izFGDjvP7xAKv,https://api.spotify.com/v1/audio-analysis/5O8L4I2S4izFGDjvP7xAKv,217000,4,Nirvana,You Know You're Right
66,0.358,0.899,0,-4.922,1,0.0439,0.0013,3.01e-05,0.915,0.445,129.719,audio_features,07lK73rPy69daaskUZaV3A,spotify:track:07lK73rPy69daaskUZaV3A,https://api.spotify.com/v1/tracks/07lK73rPy69daaskUZaV3A,https://api.spotify.com/v1/audio-analysis/07lK73rPy69daaskUZaV3A,192973,4,Nirvana,"On A Plain - Live In Tokyo, Japan/1992"
67,0.0887,0.973,4,-3.616,1,0.133,0.000225,0.00536,0.185,0.0813,167.058,audio_features,3YaoHpu1ryyn7d4hM5W5OD,spotify:track:3YaoHpu1ryyn7d4hM5W5OD,https://api.spotify.com/v1/tracks/3YaoHpu1ryyn7d4hM5W5OD,https://api.spotify.com/v1/audio-analysis/3YaoHpu1ryyn7d4hM5W5OD,219680,4,Nirvana,"Breed - Live In Amsterdam, Netherlands/1991"
68,0.83,0.382,2,-11.231,0,0.0566,0.884,0.301,0.11,0.54,121.12,audio_features,3tlXDvaNrrOmdvG0XVUOcv,spotify:track:3tlXDvaNrrOmdvG0XVUOcv,https://api.spotify.com/v1/tracks/3tlXDvaNrrOmdvG0XVUOcv,https://api.spotify.com/v1/audio-analysis/3tlXDvaNrrOmdvG0XVUOcv,173853,4,Nirvana,Polly
69,0.42,0.746,8,-10.628,1,0.0467,0.0141,0.0,0.0661,0.229,111.886,audio_features,5Rizj5FLb2AyNKu9esjYY6,spotify:track:5Rizj5FLb2AyNKu9esjYY6,https://api.spotify.com/v1/tracks/5Rizj5FLb2AyNKu9esjYY6,https://api.spotify.com/v1/audio-analysis/5Rizj5FLb2AyNKu9esjYY6,170000,4,Nirvana,Rape Me
70,0.341,0.964,11,-5.327,0,0.107,1.26e-05,0.000103,0.151,0.459,152.192,audio_features,7glld4kxYHp61zIPtSVHNk,spotify:track:7glld4kxYHp61zIPtSVHNk,https://api.spotify.com/v1/tracks/7glld4kxYHp61zIPtSVHNk,https://api.spotify.com/v1/audio-analysis/7glld4kxYHp61zIPtSVHNk,156427,4,Nirvana,Lounge Act
71,0.479,0.865,5,-8.281,0,0.0339,3.1e-05,0.228,0.182,0.77,137.902,audio_features,5muVpPu8Fj9fXfDbbqDdrZ,spotify:track:5muVpPu8Fj9fXfDbbqDdrZ,https://api.spotify.com/v1/tracks/5muVpPu8Fj9fXfDbbqDdrZ,https://api.spotify.com/v1/audio-analysis/5muVpPu8Fj9fXfDbbqDdrZ,215203,4,Nirvana,Love Buzz
72,0.285,0.979,2,-4.428,1,0.175,0.000144,0.0,0.334,0.108,182.7,audio_features,2jmVGWe4MYY1zAAzpFHHcC,spotify:track:2jmVGWe4MYY1zAAzpFHHcC,https://api.spotify.com/v1/tracks/2jmVGWe4MYY1zAAzpFHHcC,https://api.spotify.com/v1/audio-analysis/2jmVGWe4MYY1zAAzpFHHcC,142947,4,Nirvana,Territorial Pissings
73,0.367,0.981,11,-5.1,0,0.128,5.39e-06,0.0461,0.0822,0.205,165.21,audio_features,4l012k8ZcAdVbUvZ4kae5Q,spotify:track:4l012k8ZcAdVbUvZ4kae5Q,https://api.spotify.com/v1/tracks/4l012k8ZcAdVbUvZ4kae5Q,https://api.spotify.com/v1/audio-analysis/4l012k8ZcAdVbUvZ4kae5Q,211440,4,Nirvana,Stay Away
74,0.298,0.823,7,-9.793,1,0.0816,7.66e-05,7.53e-05,0.132,0.235,135.596,audio_features,0Pie5DFAHHxpkONFUsAI6s,spotify:track:0Pie5DFAHHxpkONFUsAI6s,https://api.spotify.com/v1/tracks/0Pie5DFAHHxpkONFUsAI6s,https://api.spotify.com/v1/audio-analysis/0Pie5DFAHHxpkONFUsAI6s,275600,4,Nirvana,Aneurysm
75,0.428,0.946,2,-4.674,1,0.102,0.000119,3.37e-06,0.141,0.358,133.26,audio_features,651koV4RRMMX6NDbW1ElwP,spotify:track:651koV4RRMMX6NDbW1ElwP,https://api.spotify.com/v1/tracks/651koV4RRMMX6NDbW1ElwP,https://api.spotify.com/v1/audio-analysis/651koV4RRMMX6NDbW1ElwP,194427,4,Nirvana,On A Plain
76,0.256,0.641,1,-10.283,1,0.0552,0.199,0.0329,0.0853,0.382,203.006,audio_features,66w5OYw2ja8lnmaA3Ns0PU,spotify:track:66w5OYw2ja8lnmaA3Ns0PU,https://api.spotify.com/v1/tracks/66w5OYw2ja8lnmaA3Ns0PU,https://api.spotify.com/v1/audio-analysis/66w5OYw2ja8lnmaA3Ns0PU,281160,4,Nirvana,Heart-Shaped Box
77,0.606,0.769,3,-9.215,0,0.0713,0.14,1.64e-05,0.841,0.593,121.042,audio_features,48YkpE5enOln5c7jXSTuHL,spotify:track:48YkpE5enOln5c7jXSTuHL,https://api.spotify.com/v1/tracks/48YkpE5enOln5c7jXSTuHL,https://api.spotify.com/v1/audio-analysis/48YkpE5enOln5c7jXSTuHL,218000,4,Nirvana,About A Girl
78,0.428,0.684,0,-10.044,1,0.0475,1.16e-05,0.000156,0.0744,0.419,141.336,audio_features,3BtHClmMmURD8UHF2fiyxt,spotify:track:3BtHClmMmURD8UHF2fiyxt,https://api.spotify.com/v1/tracks/3BtHClmMmURD8UHF2fiyxt,https://api.spotify.com/v1/audio-analysis/3BtHClmMmURD8UHF2fiyxt,136493,4,Nirvana,Sliver
79,0.45,0.501,4,-12.611,1,0.0712,0.49,2.51e-05,0.552,0.327,84.841,audio_features,2smax1OWAxOo63p14G8KZx,spotify:track:2smax1OWAxOo63p14G8KZx,https://api.spotify.com/v1/tracks/2smax1OWAxOo63p14G8KZx,https://api.spotify.com/v1/audio-analysis/2smax1OWAxOo63p14G8KZx,218133,4,Nirvana,Plateau
80,0.367,0.326,3,-13.025,0,0.0395,0.126,0.000599,0.12,0.333,175.109,audio_features,40VSbBSYbPN10vJYeZq4tm,spotify:track:40VSbBSYbPN10vJYeZq4tm,https://api.spotify.com/v1/tracks/40VSbBSYbPN10vJYeZq4tm,https://api.spotify.com/v1/audio-analysis/40VSbBSYbPN10vJYeZq4tm,154280,4,Nirvana,Marigold - B-Side
81,0.42,0.746,8,-10.628,1,0.0467,0.0141,0.0,0.0661,0.229,111.886,audio_features,2i5K0EdMY5zFs9t7KfYK3k,spotify:track:2i5K0EdMY5zFs9t7KfYK3k,https://api.spotify.com/v1/tracks/2i5K0EdMY5zFs9t7KfYK3k,https://api.spotify.com/v1/audio-analysis/2i5K0EdMY5zFs9t7KfYK3k,170000,4,Nirvana,Rape Me
82,0.411,0.882,1,-6.618,1,0.0556,5.65e-06,0.0147,0.298,0.531,129.848,audio_features,7pETV41GUutaZ6KMHMAYIH,spotify:track:7pETV41GUutaZ6KMHMAYIH,https://api.spotify.com/v1/tracks/7pETV41GUutaZ6KMHMAYIH,https://api.spotify.com/v1/audio-analysis/7pETV41GUutaZ6KMHMAYIH,174134,4,Nirvana,Blew
83,0.538,0.51,8,-13.192,1,0.102,0.726,0.0187,0.205,0.262,72.471,audio_features,2vfCSwToh0Am0O4zgHXfn7,spotify:track:2vfCSwToh0Am0O4zgHXfn7,https://api.spotify.com/v1/tracks/2vfCSwToh0Am0O4zgHXfn7,https://api.spotify.com/v1/audio-analysis/2vfCSwToh0Am0O4zgHXfn7,206160,4,Nirvana,Oh Me
84,0.683,0.766,5,-8.733,0,0.041,0.554,0.00346,0.0815,0.568,119.19,audio_features,3sYWyVGfPuit80szWXhrRA,spotify:track:3sYWyVGfPuit80szWXhrRA,https://api.spotify.com/v1/tracks/3sYWyVGfPuit80szWXhrRA,https://api.spotify.com/v1/audio-analysis/3sYWyVGfPuit80szWXhrRA,253907,4,Nirvana,Come As You Are
85,0.569,0.579,1,-10.988,1,0.0716,0.5,2.79e-05,0.109,0.407,108.998,audio_features,3bH8PZsfbCRIoeNiFm7JmU,spotify:track:3bH8PZsfbCRIoeNiFm7JmU,https://api.spotify.com/v1/tracks/3bH8PZsfbCRIoeNiFm7JmU,https://api.spotify.com/v1/audio-analysis/3bH8PZsfbCRIoeNiFm7JmU,263227,4,Nirvana,All Apologies
86,0.435,0.895,10,-8.7,1,0.0421,1.13e-05,0.0318,0.19,0.668,119.659,audio_features,3w5Ekq9O8g0gGFEsT77Ydi,spotify:track:3w5Ekq9O8g0gGFEsT77Ydi,https://api.spotify.com/v1/tracks/3w5Ekq9O8g0gGFEsT77Ydi,https://api.spotify.com/v1/audio-analysis/3w5Ekq9O8g0gGFEsT77Ydi,217173,4,Nirvana,Serve The Servants
87,0.21,0.943,4,-7.656,1,0.0785,1.15e-05,0.493,0.0739,0.13,164.844,audio_features,0EY1Z9UmZnYZyM7zHs6C0j,spotify:track:0EY1Z9UmZnYZyM7zHs6C0j,https://api.spotify.com/v1/tracks/0EY1Z9UmZnYZyM7zHs6C0j,https://api.spotify.com/v1/audio-analysis/0EY1Z9UmZnYZyM7zHs6C0j,162116,4,Nirvana,School
88,0.428,0.449,1,-12.114,0,0.0342,0.000351,0.000498,0.253,0.196,113.308,audio_features,3z53rfQOg6Eb5pBCRsd7Uu,spotify:track:3z53rfQOg6Eb5pBCRsd7Uu,https://api.spotify.com/v1/tracks/3z53rfQOg6Eb5pBCRsd7Uu,https://api.spotify.com/v1/audio-analysis/3z53rfQOg6Eb5pBCRsd7Uu,218813,4,Nirvana,Pennyroyal Tea
89,0.37,0.947,2,-7.213,1,0.0901,7.97e-06,0.000175,0.0762,0.418,81.744,audio_features,5IeTFRymTDiza7DciBD1Gk,spotify:track:5IeTFRymTDiza7DciBD1Gk,https://api.spotify.com/v1/tracks/5IeTFRymTDiza7DciBD1Gk,https://api.spotify.com/v1/audio-analysis/5IeTFRymTDiza7DciBD1Gk,175745,4,Nirvana,Negative Creep
90,0.51,0.641,8,-10.312,1,0.0812,0.0638,3.65e-06,0.272,0.295,113.646,audio_features,7oBazz4xCO7Ul3MJHhKy0Q,spotify:track:7oBazz4xCO7Ul3MJHhKy0Q,https://api.spotify.com/v1/tracks/7oBazz4xCO7Ul3MJHhKy0Q,https://api.spotify.com/v1/audio-analysis/7oBazz4xCO7Ul3MJHhKy0Q,277267,4,Nirvana,Jesus Doesn't Want Me For A Sunbeam
91,0.262,0.886,1,-9.392,1,0.0336,3.11e-06,0.368,0.188,0.965,152.09,audio_features,0hUit24g1EIoATdKYWUiRj,spotify:track:0hUit24g1EIoATdKYWUiRj,https://api.spotify.com/v1/tracks/0hUit24g1EIoATdKYWUiRj,https://api.spotify.com/v1/audio-analysis/0hUit24g1EIoATdKYWUiRj,115813,4,Nirvana,Very Ape
92,0.271,0.959,7,-5.866,1,0.125,0.000256,0.854,0.0858,0.0642,131.846,audio_features,0vNHCXmNzVa8h54SE3JDm7,spotify:track:0vNHCXmNzVa8h54SE3JDm7,https://api.spotify.com/v1/tracks/0vNHCXmNzVa8h54SE3JDm7,https://api.spotify.com/v1/audio-analysis/0vNHCXmNzVa8h54SE3JDm7,403293,4,Nirvana,"Endless, Nameless"
93,0.406,0.81,1,-6.127,1,0.0343,1.04e-05,1.34e-06,0.325,0.638,128.282,audio_features,7tUtvGeKB2V5W5ms6uBlyC,spotify:track:7tUtvGeKB2V5W5ms6uBlyC,https://api.spotify.com/v1/tracks/7tUtvGeKB2V5W5ms6uBlyC,https://api.spotify.com/v1/audio-analysis/7tUtvGeKB2V5W5ms6uBlyC,205493,4,Nirvana,Sappy
94,0.307,0.832,7,-6.685,1,0.0718,0.00897,7.18e-06,0.982,0.232,121.933,audio_features,6g6QsvjCNdc9jCTKC9mlAr,spotify:track:6g6QsvjCNdc9jCTKC9mlAr,https://api.spotify.com/v1/tracks/6g6QsvjCNdc9jCTKC9mlAr,https://api.spotify.com/v1/audio-analysis/6g6QsvjCNdc9jCTKC9mlAr,287200,4,Nirvana,"Lithium - Live In Melbourne, Australia For Triple J/1992"
95,0.479,0.873,1,-5.896,1,0.0438,1.42e-05,0.000565,0.0974,0.816,116.71,audio_features,6y1etHPLRsgA467gLBOgBm,spotify:track:6y1etHPLRsgA467gLBOgBm,https://api.spotify.com/v1/tracks/6y1etHPLRsgA467gLBOgBm,https://api.spotify.com/v1/audio-analysis/6y1etHPLRsgA467gLBOgBm,301453,4,Nirvana,Smells Like Teen Spirit
96,0.69,0.542,6,-9.119,1,0.0367,0.567,0.000779,0.853,0.673,109.449,audio_features,725QAOexNLmGZiFMN7U8pF,spotify:track:725QAOexNLmGZiFMN7U8pF,https://api.spotify.com/v1/tracks/725QAOexNLmGZiFMN7U8pF,https://api.spotify.com/v1/audio-analysis/725QAOexNLmGZiFMN7U8pF,172933,4,Nirvana,Dumb
97,0.482,0.723,10,-10.08,0,0.0425,5.66e-05,0.000432,0.0939,0.554,117.051,audio_features,06B04lID9HGPwPWwBkTQfU,spotify:track:06B04lID9HGPwPWwBkTQfU,https://api.spotify.com/v1/tracks/06B04lID9HGPwPWwBkTQfU,https://api.spotify.com/v1/audio-analysis/06B04lID9HGPwPWwBkTQfU,250013,4,Nirvana,Frances Farmer Will Have Her Revenge On Seattle
98,0.468,0.524,1,-12.38,0,0.0474,0.00064,0.0221,0.131,0.537,136.293,audio_features,4rtZtLpriBscg7zta3TZxp,spotify:track:4rtZtLpriBscg7zta3TZxp,https://api.spotify.com/v1/tracks/4rtZtLpriBscg7zta3TZxp,https://api.spotify.com/v1/audio-analysis/4rtZtLpriBscg7zta3TZxp,234747,4,Nirvana,Milk It
99,0.351,0.395,10,-8.745,1,0.0361,0.0337,0.00454,0.122,0.302,176.836,audio_features,09aF9vhHwC187dABixAOfV,spotify:track:09aF9vhHwC187dABixAOfV,https://api.spotify.com/v1/tracks/09aF9vhHwC187dABixAOfV,https://api.spotify.com/v1/audio-analysis/09aF9vhHwC187dABixAOfV,152933,4,Nirvana,Marigold
100,0.481,0.262,7,-15.73,1,0.0414,0.735,0.0114,0.832,0.375,122.861,audio_features,6mFkJmJqdDVQ1REhVfGgd1,spotify:track:6mFkJmJqdDVQ1REhVfGgd1,https://api.spotify.com/v1/tracks/6mFkJmJqdDVQ1REhVfGgd1,https://api.spotify.com/v1/audio-analysis/6mFkJmJqdDVQ1REhVfGgd1,334744,4,pink floyd,Wish You Were Here
101,0.693,0.394,0,-15.882,1,0.0428,0.0782,0.000694,0.247,0.721,104.114,audio_features,4gMgiXfqyzZLMhsksGmbQV,spotify:track:4gMgiXfqyzZLMhsksGmbQV,https://api.spotify.com/v1/tracks/4gMgiXfqyzZLMhsksGmbQV,https://api.spotify.com/v1/audio-analysis/4gMgiXfqyzZLMhsksGmbQV,238747,4,pink floyd,"Another Brick in the Wall, Pt. 2"
102,0.472,0.366,11,-12.595,0,0.0286,0.15,0.312,0.0837,0.171,127.163,audio_features,5HNCy40Ni5BZJFw1TKzRsC,spotify:track:5HNCy40Ni5BZJFw1TKzRsC,https://api.spotify.com/v1/tracks/5HNCy40Ni5BZJFw1TKzRsC,https://api.spotify.com/v1/audio-analysis/5HNCy40Ni5BZJFw1TKzRsC,382297,4,pink floyd,Comfortably Numb
103,0.468,0.536,11,-10.422,0,0.144,0.024,0.00199,0.269,0.785,126.256,audio_features,0vFOzaXqZHahrZp6enQwQb,spotify:track:0vFOzaXqZHahrZp6enQwQb,https://api.spotify.com/v1/tracks/0vFOzaXqZHahrZp6enQwQb,https://api.spotify.com/v1/audio-analysis/0vFOzaXqZHahrZp6enQwQb,382834,1,pink floyd,Money
104,0.359,0.48,9,-11.79,1,0.0841,0.521,0.0043,0.178,0.355,120.285,audio_features,3TO7bbrUKrOSPGRTB5MeCz,spotify:track:3TO7bbrUKrOSPGRTB5MeCz,https://api.spotify.com/v1/tracks/3TO7bbrUKrOSPGRTB5MeCz,https://api.spotify.com/v1/audio-analysis/3TO7bbrUKrOSPGRTB5MeCz,413947,4,pink floyd,Time
105,0.431,0.373,11,-15.142,0,0.0346,0.389,0.728,0.143,0.253,128.153,audio_features,2ctvdKmETyOzPb2GiJJT53,spotify:track:2ctvdKmETyOzPb2GiJJT53,https://api.spotify.com/v1/tracks/2ctvdKmETyOzPb2GiJJT53,https://api.spotify.com/v1/audio-analysis/2ctvdKmETyOzPb2GiJJT53,169535,4,pink floyd,Breathe (In the Air)
106,0.587,0.302,0,-14.976,1,0.0293,0.223,0.00216,0.128,0.19,112.46,audio_features,7F02x6EKYIQV3VcTaTm7oN,spotify:track:7F02x6EKYIQV3VcTaTm7oN,https://api.spotify.com/v1/tracks/7F02x6EKYIQV3VcTaTm7oN,https://api.spotify.com/v1/audio-analysis/7F02x6EKYIQV3VcTaTm7oN,278441,4,pink floyd,Hey You
107,0.324,0.265,2,-13.398,1,0.0302,0.0732,0.341,0.366,0.208,133.568,audio_features,05uGBKRCuePsf43Hfm0JwX,spotify:track:05uGBKRCuePsf43Hfm0JwX,https://api.spotify.com/v1/tracks/05uGBKRCuePsf43Hfm0JwX,https://api.spotify.com/v1/audio-analysis/05uGBKRCuePsf43Hfm0JwX,226667,4,pink floyd,Brain Damage
108,0.264,0.294,7,-11.941,0,0.028,0.772,0.686,0.107,0.0402,137.937,audio_features,6pnwfWyaWjQiHCKTiZLItr,spotify:track:6pnwfWyaWjQiHCKTiZLItr,https://api.spotify.com/v1/tracks/6pnwfWyaWjQiHCKTiZLItr,https://api.spotify.com/v1/audio-analysis/6pnwfWyaWjQiHCKTiZLItr,811077,3,pink floyd,Shine On You Crazy Diamond (Pts. 1-5)
109,0.357,0.302,2,-14.526,1,0.0303,0.862,0.559,0.634,0.135,72.518,audio_features,1TKTiKp3zbNgrBH2IwSwIx,spotify:track:1TKTiKp3zbNgrBH2IwSwIx,https://api.spotify.com/v1/tracks/1TKTiKp3zbNgrBH2IwSwIx,https://api.spotify.com/v1/audio-analysis/1TKTiKp3zbNgrBH2IwSwIx,469224,4,pink floyd,Us and Them
110,0.454,0.65,4,-10.191,0,0.0437,0.407,0.0488,0.589,0.72,120.155,audio_features,3CmHvyZQQAGkKkTjTBFWN6,spotify:track:3CmHvyZQQAGkKkTjTBFWN6,https://api.spotify.com/v1/tracks/3CmHvyZQQAGkKkTjTBFWN6,https://api.spotify.com/v1/audio-analysis/3CmHvyZQQAGkKkTjTBFWN6,307733,4,pink floyd,Have a Cigar
111,0.274,0.217,5,-13.814,1,0.0345,0.767,0.896,0.0832,0.181,116.334,audio_features,2TjdnqlpwOjhijHCwHCP2d,spotify:track:2TjdnqlpwOjhijHCwHCP2d,https://api.spotify.com/v1/tracks/2TjdnqlpwOjhijHCwHCP2d,https://api.spotify.com/v1/audio-analysis/2TjdnqlpwOjhijHCwHCP2d,283872,4,pink floyd,The Great Gig in the Sky
112,0.615,0.55,11,-13.858,0,0.0349,0.0546,0.19,0.747,0.549,95.488,audio_features,3xGJuHvSxFJxxYlHj5BIoT,spotify:track:3xGJuHvSxFJxxYlHj5BIoT,https://api.spotify.com/v1/tracks/3xGJuHvSxFJxxYlHj5BIoT,https://api.spotify.com/v1/audio-analysis/3xGJuHvSxFJxxYlHj5BIoT,209957,4,pink floyd,Young Lust
113,0.359,0.577,10,-10.804,1,0.0397,0.0589,0.751,0.0686,0.141,68.064,audio_features,1tDWVeCR9oWGX8d5J9rswk,spotify:track:1tDWVeCR9oWGX8d5J9rswk,https://api.spotify.com/v1/tracks/1tDWVeCR9oWGX8d5J9rswk,https://api.spotify.com/v1/audio-analysis/1tDWVeCR9oWGX8d5J9rswk,130429,4,pink floyd,Eclipse
114,0.578,0.15,7,-17.335,1,0.0334,0.243,0.00707,0.0825,0.12,135.22,audio_features,1GEOSS415bZVHNuXWlCT6b,spotify:track:1GEOSS415bZVHNuXWlCT6b,https://api.spotify.com/v1/tracks/1GEOSS415bZVHNuXWlCT6b,https://api.spotify.com/v1/audio-analysis/1GEOSS415bZVHNuXWlCT6b,334893,4,pink floyd,Mother
115,0.277,0.672,0,-12.582,1,0.0901,0.197,0.936,0.423,0.505,150.587,audio_features,6FBPOJLxUZEair6x4kLDhf,spotify:track:6FBPOJLxUZEair6x4kLDhf,https://api.spotify.com/v1/tracks/6FBPOJLxUZEair6x4kLDhf,https://api.spotify.com/v1/audio-analysis/6FBPOJLxUZEair6x4kLDhf,206429,4,pink floyd,Any Colour You Like
116,0.381,0.358,0,-12.423,1,0.0365,0.524,0.169,0.0747,0.036,133.271,audio_features,5VWC7v2dC2K0SIIjT9WTLN,spotify:track:5VWC7v2dC2K0SIIjT9WTLN,https://api.spotify.com/v1/tracks/5VWC7v2dC2K0SIIjT9WTLN,https://api.spotify.com/v1/audio-analysis/5VWC7v2dC2K0SIIjT9WTLN,451681,4,pink floyd,Welcome to the Machine
117,0.389,0.563,9,-21.191,1,0.0622,0.65,0.903,0.104,0.134,165.393,audio_features,73OIUNKRi2y24Cu9cOLrzM,spotify:track:73OIUNKRi2y24Cu9cOLrzM,https://api.spotify.com/v1/tracks/73OIUNKRi2y24Cu9cOLrzM,https://api.spotify.com/v1/audio-analysis/73OIUNKRi2y24Cu9cOLrzM,225385,4,pink floyd,On the Run
118,0.613,0.0457,0,-26.398,1,0.0337,0.937,0.642,0.0991,0.093,99.524,audio_features,7K6xMPtAjTuLPNlJMLf5bS,spotify:track:7K6xMPtAjTuLPNlJMLf5bS,https://api.spotify.com/v1/tracks/7K6xMPtAjTuLPNlJMLf5bS,https://api.spotify.com/v1/audio-analysis/7K6xMPtAjTuLPNlJMLf5bS,192146,4,pink floyd,"Another Brick in the Wall, Pt. 1"
119,0.592,0.0195,1,-33.35,1,0.0369,0.361,0.839,0.108,0.0313,119.504,audio_features,574y1r7o2tRA009FW0LE7v,spotify:track:574y1r7o2tRA009FW0LE7v,https://api.spotify.com/v1/tracks/574y1r7o2tRA009FW0LE7v,https://api.spotify.com/v1/audio-analysis/574y1r7o2tRA009FW0LE7v,65314,4,pink floyd,Speak to Me
120,0.381,0.341,7,-15.719,1,0.0414,0.161,0.0403,0.448,0.178,143.756,audio_features,7AalBKBoLDR4UmRYRJpdbj,spotify:track:7AalBKBoLDR4UmRYRJpdbj,https://api.spotify.com/v1/tracks/7AalBKBoLDR4UmRYRJpdbj,https://api.spotify.com/v1/audio-analysis/7AalBKBoLDR4UmRYRJpdbj,367933,4,pink floyd,Fearless
121,0.717,0.499,9,-15.449,1,0.0354,0.0233,0.445,0.86,0.419,116.974,audio_features,0EaLRxrtnq7Mqhdf8q9txr,spotify:track:0EaLRxrtnq7Mqhdf8q9txr,https://api.spotify.com/v1/tracks/0EaLRxrtnq7Mqhdf8q9txr,https://api.spotify.com/v1/audio-analysis/0EaLRxrtnq7Mqhdf8q9txr,263573,4,pink floyd,Run Like Hell
122,0.638,0.0811,7,-22.646,1,0.0335,0.879,0.00313,0.314,0.0503,109.154,audio_features,0ESdtt9cjGZUkUbaubSrv2,spotify:track:0ESdtt9cjGZUkUbaubSrv2,https://api.spotify.com/v1/tracks/0ESdtt9cjGZUkUbaubSrv2,https://api.spotify.com/v1/audio-analysis/0ESdtt9cjGZUkUbaubSrv2,167240,4,pink floyd,Goodbye Blue Sky
123,0.442,0.56,0,-13.681,1,0.0361,0.252,0.0322,0.151,0.475,166.585,audio_features,3ieDOGcOqVxScs2VZBzidt,spotify:track:3ieDOGcOqVxScs2VZBzidt,https://api.spotify.com/v1/tracks/3ieDOGcOqVxScs2VZBzidt,https://api.spotify.com/v1/audio-analysis/3ieDOGcOqVxScs2VZBzidt,292080,4,pink floyd,Learning to Fly
124,0.321,0.479,2,-11.395,0,0.05,0.076,0.00475,0.151,0.14,109.289,audio_features,2jvuMDqBK04WvCYYz5qjvG,spotify:track:2jvuMDqBK04WvCYYz5qjvG,https://api.spotify.com/v1/tracks/2jvuMDqBK04WvCYYz5qjvG,https://api.spotify.com/v1/audio-analysis/2jvuMDqBK04WvCYYz5qjvG,1025280,4,pink floyd,Dogs
125,0.74,0.231,9,-18.91,0,0.0415,0.551,0.747,0.249,0.546,103.994,audio_features,2O3l4X1yTua8oMMCtazkyo,spotify:track:2O3l4X1yTua8oMMCtazkyo,https://api.spotify.com/v1/tracks/2O3l4X1yTua8oMMCtazkyo,https://api.spotify.com/v1/audio-analysis/2O3l4X1yTua8oMMCtazkyo,110826,4,pink floyd,The Happiest Days of Our Lives
126,0.316,0.49,9,-14.578,1,0.0391,0.416,0.367,0.0537,0.267,152.1,audio_features,24YmWQgunJGAU8El3ndkyn,spotify:track:24YmWQgunJGAU8El3ndkyn,https://api.spotify.com/v1/tracks/24YmWQgunJGAU8El3ndkyn,https://api.spotify.com/v1/audio-analysis/24YmWQgunJGAU8El3ndkyn,198222,3,pink floyd,In the Flesh?
127,0.288,0.485,7,-13.162,0,0.0491,0.576,0.9,0.322,0.124,135.87,audio_features,21j1PsCiTaO8ZW88UZrh3A,spotify:track:21j1PsCiTaO8ZW88UZrh3A,https://api.spotify.com/v1/tracks/21j1PsCiTaO8ZW88UZrh3A,https://api.spotify.com/v1/audio-analysis/21j1PsCiTaO8ZW88UZrh3A,747325,3,pink floyd,Shine On You Crazy Diamond (Pts. 6-9)
128,0.519,0.413,0,-12.535,0,0.0251,0.205,0.152,0.351,0.267,75.219,audio_features,5a4MgIUSf9K8wXLSm6xPEx,spotify:track:5a4MgIUSf9K8wXLSm6xPEx,https://api.spotify.com/v1/tracks/5a4MgIUSf9K8wXLSm6xPEx,https://api.spotify.com/v1/audio-analysis/5a4MgIUSf9K8wXLSm6xPEx,510965,4,pink floyd,High Hopes
129,0.285,0.322,6,-16.58,0,0.0445,0.367,0.649,0.107,0.138,133.577,audio_features,7kriFJLY2KOhw5en9iI2jb,spotify:track:7kriFJLY2KOhw5en9iI2jb,https://api.spotify.com/v1/tracks/7kriFJLY2KOhw5en9iI2jb,https://api.spotify.com/v1/audio-analysis/7kriFJLY2KOhw5en9iI2jb,1412451,4,pink floyd,Echoes
130,0.419,0.575,4,-12.22,0,0.0897,0.103,0.459,0.895,0.354,129.267,audio_features,0gEaeqVRHPzRc7HMXtOKc7,spotify:track:0gEaeqVRHPzRc7HMXtOKc7,https://api.spotify.com/v1/tracks/0gEaeqVRHPzRc7HMXtOKc7,https://api.spotify.com/v1/audio-analysis/0gEaeqVRHPzRc7HMXtOKc7,685880,4,pink floyd,Pigs (Three Different Ones)
131,0.406,0.128,9,-16.983,0,0.0349,0.359,0.0019,0.656,0.191,110.272,audio_features,62zuXt6X5B6YQOBNFV2eXG,spotify:track:62zuXt6X5B6YQOBNFV2eXG,https://api.spotify.com/v1/tracks/62zuXt6X5B6YQOBNFV2eXG,https://api.spotify.com/v1/audio-analysis/62zuXt6X5B6YQOBNFV2eXG,146321,5,pink floyd,The Thin Ice
132,0.664,0.171,7,-20.731,1,0.0452,0.3,0.001,0.264,0.378,128.631,audio_features,19tHmIQsRnebkyK09m2UXE,spotify:track:19tHmIQsRnebkyK09m2UXE,https://api.spotify.com/v1/tracks/19tHmIQsRnebkyK09m2UXE,https://api.spotify.com/v1/audio-analysis/19tHmIQsRnebkyK09m2UXE,84280,3,pink floyd,Pigs on the Wing 1
133,0.307,0.0742,9,-27.159,0,0.0359,0.72,0.315,0.11,0.0394,118.682,audio_features,5HAjss9faCAowGY8dM24r6,spotify:track:5HAjss9faCAowGY8dM24r6,https://api.spotify.com/v1/tracks/5HAjss9faCAowGY8dM24r6,https://api.spotify.com/v1/audio-analysis/5HAjss9faCAowGY8dM24r6,161595,4,pink floyd,Is There Anybody Out There?
134,0.653,0.472,2,-14.797,1,0.0353,0.0554,7.69e-05,0.397,0.448,102.558,audio_features,5A7eooPKJHtr0UJmatjH4a,spotify:track:5A7eooPKJHtr0UJmatjH4a,https://api.spotify.com/v1/tracks/5A7eooPKJHtr0UJmatjH4a,https://api.spotify.com/v1/audio-analysis/5A7eooPKJHtr0UJmatjH4a,74411,4,pink floyd,"Another Brick in the Wall, Pt. 3"
135,0.501,0.338,11,-19.12,1,0.0395,0.187,0.868,0.514,0.106,95.942,audio_features,5yMyLZu4wPvWcbLFiRhYVM,spotify:track:5yMyLZu4wPvWcbLFiRhYVM,https://api.spotify.com/v1/tracks/5yMyLZu4wPvWcbLFiRhYVM,https://api.spotify.com/v1/audio-analysis/5yMyLZu4wPvWcbLFiRhYVM,127830,4,pink floyd,Empty Spaces
136,0.315,0.218,0,-15.215,1,0.0728,0.305,0.0012,0.226,0.156,175.868,audio_features,66YHxyGAUGjMBDdrDlWIMD,spotify:track:66YHxyGAUGjMBDdrDlWIMD,https://api.spotify.com/v1/tracks/66YHxyGAUGjMBDdrDlWIMD,https://api.spotify.com/v1/audio-analysis/66YHxyGAUGjMBDdrDlWIMD,216800,4,pink floyd,One of My Turns
137,0.472,0.0118,2,-31.734,1,0.0397,0.783,0.799,0.247,0.0698,102.949,audio_features,0ZXkKRO789QKBR6ME7pIDF,spotify:track:0ZXkKRO789QKBR6ME7pIDF,https://api.spotify.com/v1/tracks/0ZXkKRO789QKBR6ME7pIDF,https://api.spotify.com/v1/audio-analysis/0ZXkKRO789QKBR6ME7pIDF,73430,4,pink floyd,Goodbye Cruel World
138,0.515,0.565,4,-9.547,1,0.0304,0.113,1.35e-05,0.122,0.374,104.372,audio_features,3Tsh9pjiJ5cvmuiZALdgVz,spotify:track:3Tsh9pjiJ5cvmuiZALdgVz,https://api.spotify.com/v1/tracks/3Tsh9pjiJ5cvmuiZALdgVz,https://api.spotify.com/v1/audio-analysis/3Tsh9pjiJ5cvmuiZALdgVz,261587,4,pink floyd,What Do You Want from Me
139,0.251,0.148,0,-21.056,1,0.0432,0.713,0.432,0.106,0.0569,206.542,audio_features,2gTnu5RZNVFVnWdjLnyUA5,spotify:track:2gTnu5RZNVFVnWdjLnyUA5,https://api.spotify.com/v1/tracks/2gTnu5RZNVFVnWdjLnyUA5,https://api.spotify.com/v1/audio-analysis/2gTnu5RZNVFVnWdjLnyUA5,203361,4,pink floyd,Nobody Home
140,0.381,0.508,4,-15.094,1,0.0465,0.00613,0.846,0.535,0.403,103.804,audio_features,6uU0Hu8oVk9gBihokcrDMH,spotify:track:6uU0Hu8oVk9gBihokcrDMH,https://api.spotify.com/v1/tracks/6uU0Hu8oVk9gBihokcrDMH,https://api.spotify.com/v1/audio-analysis/6uU0Hu8oVk9gBihokcrDMH,354613,4,pink floyd,One of These Days
141,0.448,0.402,7,-12.135,1,0.03,0.365,0.000746,0.076,0.244,100.454,audio_features,7KA6U0WOHdGxWWLGPYN2Sb,spotify:track:7KA6U0WOHdGxWWLGPYN2Sb,https://api.spotify.com/v1/tracks/7KA6U0WOHdGxWWLGPYN2Sb,https://api.spotify.com/v1/audio-analysis/7KA6U0WOHdGxWWLGPYN2Sb,341667,4,pink floyd,On the Turning Away
142,0.414,0.37,4,-15.748,0,0.0573,0.696,0.000129,0.211,0.33,76.846,audio_features,1UMXtudajhlocMzXVSngDU,spotify:track:1UMXtudajhlocMzXVSngDU,https://api.spotify.com/v1/tracks/1UMXtudajhlocMzXVSngDU,https://api.spotify.com/v1/audio-analysis/1UMXtudajhlocMzXVSngDU,318846,4,pink floyd,The Trial
143,0.571,0.198,7,-16.919,1,0.0294,0.435,0.125,0.262,0.326,129.024,audio_features,077OhUjy58qkjscrXjW696,spotify:track:077OhUjy58qkjscrXjW696,https://api.spotify.com/v1/tracks/077OhUjy58qkjscrXjW696,https://api.spotify.com/v1/audio-analysis/077OhUjy58qkjscrXjW696,96560,4,pink floyd,The Show Must Go On
144,0.292,0.454,9,-14.89,1,0.0316,0.371,0.509,0.719,0.105,150.916,audio_features,5OFi9CIyD6s1oENyHapK2W,spotify:track:5OFi9CIyD6s1oENyHapK2W,https://api.spotify.com/v1/tracks/5OFi9CIyD6s1oENyHapK2W,https://api.spotify.com/v1/audio-analysis/5OFi9CIyD6s1oENyHapK2W,255547,3,pink floyd,In the Flesh
145,0.324,0.11,9,-19.78,0,0.0351,0.0847,0.777,0.621,0.0393,123.534,audio_features,3QEWEv1tvHmVgsT5THpGDn,spotify:track:3QEWEv1tvHmVgsT5THpGDn,https://api.spotify.com/v1/tracks/3QEWEv1tvHmVgsT5THpGDn,https://api.spotify.com/v1/audio-analysis/3QEWEv1tvHmVgsT5THpGDn,255934,3,pink floyd,Don't Leave Me Now
146,0.28,0.716,9,-12.095,0,0.0983,0.0652,0.52,0.512,0.0618,135.378,audio_features,55e99bv2wlgTYtNEYHWtN1,spotify:track:55e99bv2wlgTYtNEYHWtN1,https://api.spotify.com/v1/tracks/55e99bv2wlgTYtNEYHWtN1,https://api.spotify.com/v1/audio-analysis/55e99bv2wlgTYtNEYHWtN1,619079,4,pink floyd,Sheep
147,0.691,0.324,0,-15.366,1,0.0446,0.171,0.0223,0.0674,0.543,121.664,audio_features,3kbUFmLV5SHVQonfOpNgkd,spotify:track:3kbUFmLV5SHVQonfOpNgkd,https://api.spotify.com/v1/tracks/3kbUFmLV5SHVQonfOpNgkd,https://api.spotify.com/v1/audio-analysis/3kbUFmLV5SHVQonfOpNgkd,223067,4,pink floyd,San Tropez
148,0.287,0.499,0,-11.094,1,0.0437,0.464,0.000652,0.102,0.142,176.437,audio_features,1bQ4zbP8Fo0qAePTSOfYji,spotify:track:1bQ4zbP8Fo0qAePTSOfYji,https://api.spotify.com/v1/tracks/1bQ4zbP8Fo0qAePTSOfYji,https://api.spotify.com/v1/audio-analysis/1bQ4zbP8Fo0qAePTSOfYji,379241,4,pink floyd,Coming Back to Life
149,0.179,0.162,4,-22.191,0,0.162,0.678,0.022,0.119,0.0869,34.821,audio_features,7FCiDC7ojdm19CJePq6QAe,spotify:track:7FCiDC7ojdm19CJePq6QAe,https://api.spotify.com/v1/tracks/7FCiDC7ojdm19CJePq6QAe,https://api.spotify.com/v1/audio-analysis/7FCiDC7ojdm19CJePq6QAe,93356,4,pink floyd,Vera
